"attraction", "x", "y", "ride_size", "ride_time", "number_of_trains"
FlumeRide, 57.69281414258674, 11.993042391921877, 4, 240, 28
Hanghai, 57.69263077278707, 11.993006277506417, 40, 144, 1
Mechanica, 57.692941532789405, 11.99438224967685, 30, 180, 1
Valkyria, 57.69326772837696, 11.995245388320178, 18, 177, 3
Balder, 57.693445306043834, 11.995859343206, 30, 128, 2
Loke, 57.69387379765778, 11.99504314866502, 40, 100, 1
AtmosFear, 57.69524859524083, 11.990814405084546, 36, 120, 1